Company Name,Category/Keywords
AB Bernstein (Bernstein),Wealth / Investments
Apricity,Financial
Backbone Planning Partners,Planning
BL Bright Lake Wealth Management,Wealth Management
B.O.S.S. Retirement Solutions & Advisors,Retirement / Advisors
Boulay,Financial
Cornerstone Comprehensive Wealth Management,Wealth Management
"Drake & Associates, LLC",Financial
E.A. Buck Financial Services,Financial Services
EFC Wealth Management Firm,Wealth Management
Focus,Financial
Guardian,Insurance / Financial
Guardian Resources,Insurance / Financial
"Heckman Financial & Insurance Services, Inc. (WealthCreator.com)",Financial & Insurance
Highland Rim Wealth Management,Wealth Management
LifeWealth Group,Wealth / Retirement
MassMutual,Insurance / Financial
McAdam Financial,Financial
Merit Financial Advisors,Advisors
New York Life,Insurance
NIM Retirement Group,Retirement
Northwestern Mutual,Insurance / Financial
Oak Harvest Financial Group,Financial Group
Prime Capital Financial,Financial
Ronald Gelok & Associates,Registered Investment Advisor
RPOA,Advisors / Retirement
Russell Total Wealth,Wealth
Strategy Financial Group,Retirement Wealth Advisors
The Pension Group,Retirement
The Retirement Solution,Retirement
"Wadsworth Financial Consulting, LLC",Consulting / Financial
Whalen Financial,Financial
Wood Financial Group,Financial
